{"machineID":["aorarib00001q05"],
 "appname" : "MTSQA",
      "data":
       {    "paramInfra":
			[
			{"paramType":"CPU","paramType":"CPU_USAGE","value":"1.44,"},{"paramType":"TMP","value":"47%","paraType":"Disk"},{"paramType":"Logs","value":"26%","paraType":"Disk"},{"paramType":"CODE","value":"24%","paraType":"Disk"},{"paramType":"OS Version","value":"6","paramType":"System"},{"paramType":"MachineID","value":"00CADB304C00","paramType":"System"},{"paramType":"UpTime","value":"86 days","paramType":"System"}
			],
			"paramCustom":
			[
			{"paramType":"CUR","value":["Up","NO_STATUS"],"paramType":"Lines"},
			{"paramType":"BKT","value":["Up","NO_STATUS"],"paramType":"Lines"},
			{"paramType":"SPT","value":["Up","NO_STATUS"],"paramType":"Lines"},
			{"paramType":"WSS_IN","value":["Up","NO_STATUS"],"paramType":"Lines"},
			{"paramType":"EDI","value":["Up","NO_STATUS"],"paramType":"Lines"},
			{"paramType":"FMF_RCV","value":["Up","NO_STATUS"],"paramType":"Lines"},
			{"paramType":"FMF_SND","value":["Up","NO_STATUS"],"paramType":"Lines"},
			{"paramType":"FED_IN","value":["Up","NO_STATUS"],"paramType":"Lines"},
			{"paramType":"CMG_IN","value":["Up","NO_STATUS"],"paramType":"Lines"},
			{"paramType":"WSS_OUT","value":["Up","NO_STATUS"],"paramType":"Lines"},
			{"paramType":"AFS_OUT","value":["Up","NO_STATUS"],"paramType":"Lines"},
			{"paramType":"AFS_IN","value":["Up","NO_STATUS"],"paramType":"Lines"},
			{"paramType":"CMG_OUT","value":["Up","NO_STATUS"],"paramType":"Lines"},
			{"paramType":"FED_OUT","value":["Up","NO_STATUS"],"paramType":"Lines"},
			{"paramType":"Number of Users","value":"0","paramType":"Scalar"},
			{"paramType":"SWIFT","value":"1","paramType":"FILE_TYPE_COUNT","frequecy":"Daily"},
			{"paramType":"BKT","value":"1","paramType":"FILE_TYPE_COUNT","frequecy":"Daily","startTime":"0900","endTime":"1700"},
			{"paramType":"EDI","value":"1","paramType":"FILE_TYPE_COUNT","frequecy":"Daily","startTime":"0900","endTime":"1700"}
			]
	   }
}
